{"cameraMode":{"drawMode":0,"name":"Shaded","section":"Shading Mode"},"sceneLighting":false,"audioPlay":false,"sceneViewState":{"showFog":false,"showMaterialUpdate":false,"showSkybox":false,"showFlares":false,"showImageEffects":false,"showParticleSystems":true},"in2DMode":false,"pivot":{"x":4.763058185577393,"y":10.18326187133789,"z":457.03125},"rotation":{"x":0.5371252298355103,"y":-0.0015313797630369664,"z":0.0009524966590106487,"w":0.8435315489768982},"size":55.423370361328128,"orthographic":true}